id,name,org_type,url,method,link_pattern,fetch_detail,try_feed,status,notes
study_australia,Study Australia (Austrade) - news,government,https://www.studyaustralia.gov.au/en/tools-and-resources/news,html_list,/en/tools-and-resources/news/[^/?#]+,True,True,verified_listing,"Dated items such as the student visa application charge, the CRICOS provider pause and international education settings. Article URLs look like .../news/<slug>."
mia,Migration Institute of Australia - media releases,industry_body,https://mia.org.au/Web/Web/Public-Resources/Media-Releases-Index.aspx,html_list,(?i)media(?:%20| )releases/.*\.pdf$,False,True,verified_listing,"Releases are PDFs, so only the title and the listing date are used (no article text)."
fwo_media,Fair Work Ombudsman - media releases,government,https://www.fairwork.gov.au/newsroom/media-releases,html_list,/newsroom/media-releases/,True,True,verified_listing,Listing shows titles and dates. The link pattern is assumed: confirm it with diagnose_source.py. Most releases are unrelated and are dropped by the relevance filter.
education_dept,Department of Education - ministers' media releases,government,https://ministers.education.gov.au/,html_list,ministers\.education\.gov\.au/[a-z-]+/[a-z0-9-]+/?$,True,True,to_verify,Real releases live at ministers.education.gov.au/<minister>/<slug> (for example the student visa integrity reforms). Find the best listing page with diagnose_source.py. The robots.txt check timed out when tested.
ha_immi_news,Home Affairs (Immigration and citizenship) - news archive,government,https://immi.homeaffairs.gov.au/news-media/archive,html_list,/news-media/,True,True,to_verify,"The page exists but came back as an empty template when fetched, so its list may be loaded by JavaScript. If diagnose_source.py finds no links, rely on the page-change sources below."
ha_student_changes,Home Affairs - Changes to Student visa application rules (500 & 590),government,https://immi.homeaffairs.gov.au/visas/getting-a-visa/visa-listing/changes-to-student-visa-application-rules-500-590,page_snapshot,,True,True,to_verify,URL found in search results. Change detection by page hash; a change creates a record. The first run only records a baseline.
ha_processing,Home Affairs - global visa processing times,government,https://immi.homeaffairs.gov.au/visas/getting-a-visa/visa-processing-times/global-visa-processing-times,page_snapshot,,True,True,to_verify,Change detection by page hash; a change creates a 'processing times updated' record.
ha_newsroom,Home Affairs - news and media landing page,government,https://www.homeaffairs.gov.au/news-media,manual,,True,True,verified_listing,Landing page only links to the ABF newsroom and speeches; no news listing or RSS.
linkedin,LinkedIn company announcements,social,https://www.linkedin.com/,manual,,True,True,manual,Scraping LinkedIn breaks its terms. Add items by hand in data/manual_items.json (see README).
