id,source_id,source_name,org_type,title,summary,url,published_date,effective_date,change_types,visa_category,products_affected,impact,impact_score,impact_rationale,is_sample,first_seen
4a8c59626f34e4d4,study_australia,Study Australia (Austrade) - news,government,The 2026 Australian minimum wage increase,Skip to content or footer 28 August 2026 share Share mail Email print Print New minimum pay rates: what international students need to know Australia offers international students the opportunity to gain valuable work experience while studying. Recent updates to Australia's workplace laws include h…,https://www.studyaustralia.gov.au/en/tools-and-resources/news/australian-minimum-wage-increase,2026-08-28,2026-07-01,Eligibility,Student (500),OSHC,Medium,5,Eligibility (+3); student visa: core OSHC market (+2),False,2026-10-04T00:12:32+00:00
0f7dc38813e784cf,study_australia,Study Australia (Austrade) - news,government,Australia confirms international education settings for 2027,"Skip to content or footer 15 July 2026 share Share mail Email print Print The Australian Government has announced its annual ‘National Planning Level’ (NPL) for new international student commencements (NOSCs). In 2027, the NPL will remain at 295,000, the same as in 2026.",https://www.studyaustralia.gov.au/en/tools-and-resources/news/australia-confirms-international-education-settings-for-2027,2026-07-15,,Cap / quota; Eligibility,Student (500),OSHC,High,8,"Cap / quota, Eligibility (+6); student visa: core OSHC market (+2)",False,2026-10-04T00:12:32+00:00
caf60aca2e249c79,study_australia,Study Australia (Austrade) - news,government,Student Visa Application Charge increase,"Skip to content or footer 3 July 2026 share Share mail Email print Print Key details The Australian Government has increased visa application charges for all visas, including the Student Visa Application Charge (VAC). The Student VAC increased from AUD $2,000 to AUD $2,500 from 1 July 2026.",https://www.studyaustralia.gov.au/en/tools-and-resources/news/student-visa-application-charge-increase,2026-07-03,2026-07-01,Fee / charge,Student (500),OSHC; OVHC; OWHC,Medium,5,Fee / charge (+2); student visa: core OSHC market (+2); three or more visa categories (+1),False,2026-10-04T00:12:32+00:00
caf60aca2e249c79,study_australia,Study Australia (Austrade) - news,government,Student Visa Application Charge increase,"Skip to content or footer 3 July 2026 share Share mail Email print Print Key details The Australian Government has increased visa application charges for all visas, including the Student Visa Application Charge (VAC). The Student VAC increased from AUD $2,000 to AUD $2,500 from 1 July 2026.",https://www.studyaustralia.gov.au/en/tools-and-resources/news/student-visa-application-charge-increase,2026-07-03,2026-07-01,Fee / charge,Temporary Graduate (485),OSHC; OVHC; OWHC,Medium,5,Fee / charge (+2); student visa: core OSHC market (+2); three or more visa categories (+1),False,2026-10-04T00:12:32+00:00
caf60aca2e249c79,study_australia,Study Australia (Austrade) - news,government,Student Visa Application Charge increase,"Skip to content or footer 3 July 2026 share Share mail Email print Print Key details The Australian Government has increased visa application charges for all visas, including the Student Visa Application Charge (VAC). The Student VAC increased from AUD $2,000 to AUD $2,500 from 1 July 2026.",https://www.studyaustralia.gov.au/en/tools-and-resources/news/student-visa-application-charge-increase,2026-07-03,2026-07-01,Fee / charge,All temporary visas,OSHC; OVHC; OWHC,Medium,5,Fee / charge (+2); student visa: core OSHC market (+2); three or more visa categories (+1),False,2026-10-04T00:12:32+00:00
73e128a224721190,study_australia,Study Australia (Austrade) - news,government,Australia excels again in QS World University Rankings 2027,"Skip to content or footer 22 June 2026 share Share mail Email print Print Australia continues to be recognised as one of the world’s leading study destinations, with strong results in the latest QS World University Rankings 2027. Australian institutions performed particularly well in areas that mat…",https://www.studyaustralia.gov.au/en/tools-and-resources/news/qs-world-university-rankings-2027,2026-06-22,,,Student (500),OSHC,Low,2,student visa: core OSHC market (+2),False,2026-10-04T00:12:32+00:00
17b31993e1dd04b0,study_australia,Study Australia (Austrade) - news,government,Pause on new CRICOS registered private VET and ELICOS providers and courses,Skip to content or footer 22 May 2026 share Share mail Email print Print The Australian Government has introduced a 12‑month suspension on new CRICOS registrations for private vocational education and training (VET) or English language (ELICOS) providers and any private VET and ELICOS courses for i…,https://www.studyaustralia.gov.au/en/tools-and-resources/news/pause-on-new-private-vet-and-elicos-providers-and-courses,2026-05-22,2026-05-19,Closure / pause; Compliance,Student (500),OSHC,High,8,"Closure / pause, Compliance (+6); student visa: core OSHC market (+2)",False,2026-10-04T00:12:32+00:00
e4de97750be06d64,mia,Migration Institute of Australia - media releases,industry_body,Migration Institute of Australia Welcomes Permanent Migration Program Numbers,Migration Institute of Australia Welcomes Permanent Migration Program Numbers,https://mia.org.au/common/Uploaded%20files/Web/Public%20Resources/Media%20Releases/MIA-media-release-12-May-2026-Web.pdf,2026-05-12,,,All temporary visas,OSHC; OVHC; OWHC,Low,1,affects OSHC/OVHC/OWHC visa holders (+1),False,2026-10-04T00:12:32+00:00
2108c685e474e034,study_australia,Study Australia (Austrade) - news,government,Temporary travel restrictions for Visitor visa holders with Iranian passports,Skip to content or footer 2 April 2026 share Share mail Email print Print An ‘Arrival Control Determination’ was made on 26 March 2026 and will be in force for six months. Information is available on the department’s website: Arrival Control Determination Who is affected If you are outside Australi…,https://www.studyaustralia.gov.au/en/tools-and-resources/news/temporary-travel-restrictions-for-visitor-visa-holders-with-iran,2026-04-02,,,Visitor (600),OVHC; OSHC; OWHC,Low,1,affects OVHC/OSHC/OWHC visa holders (+1),False,2026-10-04T00:12:32+00:00
2108c685e474e034,study_australia,Study Australia (Austrade) - news,government,Temporary travel restrictions for Visitor visa holders with Iranian passports,Skip to content or footer 2 April 2026 share Share mail Email print Print An ‘Arrival Control Determination’ was made on 26 March 2026 and will be in force for six months. Information is available on the department’s website: Arrival Control Determination Who is affected If you are outside Australi…,https://www.studyaustralia.gov.au/en/tools-and-resources/news/temporary-travel-restrictions-for-visitor-visa-holders-with-iran,2026-04-02,,,All temporary visas,OVHC; OSHC; OWHC,Low,1,affects OVHC/OSHC/OWHC visa holders (+1),False,2026-10-04T00:12:32+00:00
4475907c4611067d,mia,Migration Institute of Australia - media releases,industry_body,MIA Calls Out Migration Agent Attacks and Calls for Fee Freeze,MIA Calls Out Migration Agent Attacks and Calls for Fee Freeze,https://mia.org.au/common/Uploaded%20files/Web/Public%20Resources/Media%20Releases/MIA-media-release-19-March-26.pdf,2026-03-19,,Closure / pause; Compliance,Unclassified,,High,6,"Closure / pause, Compliance (+6)",False,2026-10-04T00:12:32+00:00
bd7562898708914d,mia,Migration Institute of Australia - media releases,industry_body,Massive temporary graduate visa fee increase hard to justify,Massive temporary graduate visa fee increase hard to justify,https://mia.org.au/common/Uploaded%20files/Web/Public%20Resources/Media%20Releases/MIA%20media%20release%20-2%20March%2026.pdf,2026-03-02,,Fee / charge,Temporary Graduate (485),OVHC; OWHC,Low,3,Fee / charge (+2); affects OVHC/OWHC visa holders (+1),False,2026-10-04T00:12:32+00:00
4dda97775d74ee99,study_australia,Study Australia (Austrade) - news,government,Australia Awards Scholarships: Applications now open for 2027 intake,Skip to content or footer 30 January 2026 share Share mail Email print Print Australia Awards End of Year Event in Canberra The Australian Government has announced that applications for the 2027 Australia Awards Scholarships round are open from 1 February 2026. The scholarships provide the opportun…,https://www.studyaustralia.gov.au/en/tools-and-resources/news/australia-awards-scholarships-applications-2027,2026-01-30,2026-02-01,Eligibility,Student (500),OSHC,Medium,5,Eligibility (+3); student visa: core OSHC market (+2),False,2026-10-04T00:12:32+00:00
067d3abfb16e3aa0,mia,Migration Institute of Australia - media releases,industry_body,MIA Welcomes 2025-26 Migration Program Announcement,MIA Welcomes 2025-26 Migration Program Announcement,https://mia.org.au/common/Uploaded%20files/Web/Public%20Resources/Media%20Releases/MIA-Media-Release-2Sep2025.pdf,2025-09-02,,,All temporary visas,OSHC; OVHC; OWHC,Low,1,affects OSHC/OVHC/OWHC visa holders (+1),False,2026-10-04T00:12:32+00:00
651e4906cc6a9a52,mia,Migration Institute of Australia - media releases,industry_body,Migration Institute of Australia Joins Calls To Support International Students,Migration Institute of Australia Joins Calls To Support International Students,https://www.mia.org.au/common/Uploaded%20files/Web/Public%20Resources/Media%20Releases/MIA%20MR%207.4.25%20Web.pdf,2025-04-07,,,Student (500),OSHC,Low,2,student visa: core OSHC market (+2),False,2026-10-04T00:12:32+00:00
09527f0369d22b9d,mia,Migration Institute of Australia - media releases,industry_body,Coalition’s proposed permanent migration program planning levels,Coalition’s proposed permanent migration program planning levels,https://mia.org.au/common/Uploaded%20files/Web/Public%20Resources/Media%20Releases/MIA-Media-Release-27Mar2025.pdf,2025-03-27,,Cap / quota,All temporary visas,OSHC; OVHC; OWHC,Medium,5,Cap / quota (+4); affects OSHC/OVHC/OWHC visa holders (+1),False,2026-10-04T00:12:32+00:00
ec23f5016433a516,mia,Migration Institute of Australia - media releases,industry_body,Permanent Migration Program Planning Levels 2025-26,Permanent Migration Program Planning Levels 2025-26,https://mia.org.au/common/Uploaded%20files/Web/Public%20Resources/Media%20Releases/MIA-MR_Permanent-Migration-Program-Planning-Levels.pdf,2025-03-26,,Cap / quota,All temporary visas,OSHC; OVHC; OWHC,Medium,5,Cap / quota (+4); affects OSHC/OVHC/OWHC visa holders (+1),False,2026-10-04T00:12:32+00:00
24f266f91ec55a41,mia,Migration Institute of Australia - media releases,industry_body,Recent Migration Fraud Cases,Recent Migration Fraud Cases,https://www.mia.org.au/Common/Uploaded%20files/Web/Public%20Resources/Media%20Releases/1791_Media%20Release%20-%20260221%20-%20Recent%20Migration%20Fraud%20Cases.pdf,2021-02-26,,Compliance,Unclassified,,Low,2,Compliance (+2),False,2026-10-04T00:12:32+00:00
